[{"main-sidebar":["categories-2","my-recent-comments-2"]},{"categories":{"2":{"title":"","count":0,"hierarchical":0,"dropdown":0},"_multiwidget":1},"my-recent-comments":{"2":{"title":"comments","comments_count":"3","avatar_size":"70","display_author_name":"on","display_avatar":"on","display_date":"on","display_post_title":null,"meta_format":"none"},"_multiwidget":1}},{"widget_rules_type":[{"categories-2":"all","my-recent-comments-2":"all"}],"widget_rules":[{"categories-2":"","my-recent-comments-2":""}],"widget_custom_class":[{"my-recent-comments-5":"","categories-2":"","my-recent-comments-2":""}],"widget_responsive":[{"my-recent-comments-5":"visible-all-devices","categories-2":"visible-all-devices","my-recent-comments-2":"visible-all-devices"}],"widget_users":[{"my-recent-comments-5":"all","categories-2":"all","my-recent-comments-2":"all"}]}]